aggregation,horizon_eval,var_coeff,ensemble_size,seed,task,reward,success
mean,3,0.0,2,1,dog-run,713.9,0.00
mean,3,0.0,2,2,dog-run,694.2,0.00
mean,3,0.0,2,3,dog-run,704.3,0.00
mean,3,0.001,2,1,dog-run,705.6,0.00
mean,3,0.001,2,2,dog-run,701.7,0.00
mean,3,0.001,2,3,dog-run,711.5,0.00
mean,3,0.01,2,1,dog-run,710.9,0.00
mean,3,0.01,2,2,dog-run,705.5,0.00
mean,3,0.01,2,3,dog-run,703.2,0.00
mean,3,1.0,2,1,dog-run,703.4,0.00
mean,3,1.0,2,2,dog-run,685.8,0.00
mean,3,1.0,2,3,dog-run,695.7,0.00
mean,3,10.0,2,1,dog-run,673.5,0.00
mean,3,10.0,2,2,dog-run,645.2,0.00
mean,3,10.0,2,3,dog-run,666.4,0.00
max,3,0.0,2,1,dog-run,696.3,0.00
max,3,0.0,2,2,dog-run,683.4,0.00
max,3,0.0,2,3,dog-run,694.3,0.00
max,3,0.001,2,1,dog-run,682.1,0.00
max,3,0.001,2,2,dog-run,689.6,0.00
max,3,0.001,2,3,dog-run,705.1,0.00
max,3,0.01,2,1,dog-run,699.8,0.00
max,3,0.01,2,2,dog-run,695.0,0.00
max,3,0.01,2,3,dog-run,702.9,0.00
max,3,1.0,2,1,dog-run,703.0,0.00
max,3,1.0,2,2,dog-run,694.3,0.00
max,3,1.0,2,3,dog-run,696.1,0.00
max,3,10.0,2,1,dog-run,678.3,0.00
max,3,10.0,2,2,dog-run,642.9,0.00
max,3,10.0,2,3,dog-run,674.0,0.00
min,3,0.0,2,1,dog-run,706.4,0.00
min,3,0.0,2,2,dog-run,694.0,0.00
min,3,0.0,2,3,dog-run,705.8,0.00
min,3,0.001,2,1,dog-run,699.3,0.00
min,3,0.001,2,2,dog-run,709.1,0.00
min,3,0.001,2,3,dog-run,704.9,0.00
min,3,0.01,2,1,dog-run,706.4,0.00
min,3,0.01,2,2,dog-run,696.7,0.00
min,3,0.01,2,3,dog-run,707.4,0.00
min,3,1.0,2,1,dog-run,696.1,0.00
min,3,1.0,2,2,dog-run,683.6,0.00
min,3,1.0,2,3,dog-run,693.1,0.00
min,3,10.0,2,1,dog-run,655.4,0.00
min,3,10.0,2,2,dog-run,641.7,0.00
min,3,10.0,2,3,dog-run,650.3,0.00
mean,3,0.0,3,1,dog-run,849.3,0.00
mean,3,0.0,3,2,dog-run,834.0,0.00
mean,3,0.0,3,3,dog-run,824.5,0.00
mean,3,0.001,3,1,dog-run,848.5,0.00
mean,3,0.001,3,2,dog-run,755.4,0.00
mean,3,0.001,3,3,dog-run,834.9,0.00
mean,3,0.01,3,1,dog-run,844.9,0.00
mean,3,0.01,3,2,dog-run,819.8,0.00
mean,3,0.01,3,3,dog-run,817.5,0.00
mean,3,1.0,3,1,dog-run,820.1,0.00
mean,3,1.0,3,2,dog-run,815.7,0.00
mean,3,1.0,3,3,dog-run,832.4,0.00
mean,3,10.0,3,1,dog-run,778.1,0.00
mean,3,10.0,3,2,dog-run,763.5,0.00
mean,3,10.0,3,3,dog-run,785.7,0.00
max,3,0.0,3,1,dog-run,798.7,0.00
max,3,0.0,3,2,dog-run,796.9,0.00
max,3,0.0,3,3,dog-run,758.4,0.00
max,3,0.001,3,1,dog-run,748.7,0.00
max,3,0.001,3,2,dog-run,822.5,0.00
max,3,0.001,3,3,dog-run,823.3,0.00
max,3,0.01,3,1,dog-run,794.5,0.00
max,3,0.01,3,2,dog-run,802.3,0.00
max,3,0.01,3,3,dog-run,802.2,0.00
max,3,1.0,3,1,dog-run,848.8,0.00
max,3,1.0,3,2,dog-run,828.1,0.00
max,3,1.0,3,3,dog-run,836.5,0.00
max,3,10.0,3,1,dog-run,758.0,0.00
max,3,10.0,3,2,dog-run,799.7,0.00
max,3,10.0,3,3,dog-run,798.3,0.00
min,3,0.0,3,1,dog-run,841.0,0.00
min,3,0.0,3,2,dog-run,810.0,0.00
min,3,0.0,3,3,dog-run,817.6,0.00
min,3,0.001,3,1,dog-run,843.7,0.00
min,3,0.001,3,2,dog-run,829.2,0.00
min,3,0.001,3,3,dog-run,748.4,0.00
min,3,0.01,3,1,dog-run,844.5,0.00
min,3,0.01,3,2,dog-run,831.8,0.00
min,3,0.01,3,3,dog-run,815.4,0.00
min,3,1.0,3,1,dog-run,824.5,0.00
min,3,1.0,3,2,dog-run,826.1,0.00
min,3,1.0,3,3,dog-run,830.0,0.00
min,3,10.0,3,1,dog-run,707.3,0.00
min,3,10.0,3,2,dog-run,721.0,0.00
min,3,10.0,3,3,dog-run,727.5,0.00
mean,5,0.0,2,1,dog-run,709.8,0.00
mean,5,0.0,2,2,dog-run,701.7,0.00
mean,5,0.0,2,3,dog-run,718.8,0.00
mean,5,0.001,2,1,dog-run,718.9,0.00
mean,5,0.001,2,2,dog-run,709.5,0.00
mean,3,0.0,1,1,humanoid-run,187.3,0.00
mean,3,0.0,1,2,humanoid-run,185.7,0.00
mean,3,0.0,1,3,humanoid-run,190.1,0.00
mean,3,0.001,1,1,humanoid-run,187.3,0.00
mean,3,0.001,1,2,humanoid-run,185.7,0.00
mean,3,0.001,1,3,humanoid-run,190.1,0.00
mean,3,0.01,1,1,humanoid-run,187.3,0.00
mean,3,0.01,1,2,humanoid-run,185.7,0.00
mean,3,0.01,1,3,humanoid-run,190.1,0.00
mean,3,1.0,1,1,humanoid-run,187.3,0.00
mean,3,1.0,1,2,humanoid-run,185.7,0.00
mean,3,1.0,1,3,humanoid-run,190.1,0.00
mean,3,10.0,1,1,humanoid-run,187.3,0.00
mean,3,10.0,1,2,humanoid-run,185.7,0.00
mean,3,10.0,1,3,humanoid-run,190.1,0.00
max,3,0.0,1,1,humanoid-run,187.3,0.00
max,3,0.0,1,2,humanoid-run,185.7,0.00
max,3,0.0,1,3,humanoid-run,190.1,0.00
max,3,0.001,1,1,humanoid-run,187.3,0.00
max,3,0.001,1,2,humanoid-run,185.7,0.00
max,3,0.001,1,3,humanoid-run,190.1,0.00
max,3,0.01,1,1,humanoid-run,187.3,0.00
max,3,0.01,1,2,humanoid-run,185.7,0.00
max,3,0.01,1,3,humanoid-run,190.1,0.00
max,3,1.0,1,1,humanoid-run,187.3,0.00
max,3,1.0,1,2,humanoid-run,185.7,0.00
max,3,1.0,1,3,humanoid-run,190.1,0.00
max,3,10.0,1,1,humanoid-run,187.3,0.00
max,3,10.0,1,2,humanoid-run,185.7,0.00
max,3,10.0,1,3,humanoid-run,190.1,0.00
min,3,0.0,1,1,humanoid-run,187.3,0.00
min,3,0.0,1,2,humanoid-run,185.7,0.00
min,3,0.0,1,3,humanoid-run,190.1,0.00
min,3,0.001,1,1,humanoid-run,187.3,0.00
min,3,0.001,1,2,humanoid-run,185.7,0.00
min,3,0.001,1,3,humanoid-run,190.1,0.00
min,3,0.01,1,1,humanoid-run,187.3,0.00
min,3,0.01,1,2,humanoid-run,185.7,0.00
min,3,0.01,1,3,humanoid-run,190.1,0.00
min,3,1.0,1,1,humanoid-run,187.3,0.00
min,3,1.0,1,2,humanoid-run,185.7,0.00
min,3,1.0,1,3,humanoid-run,190.1,0.00
min,3,10.0,1,1,humanoid-run,187.3,0.00
min,3,10.0,1,2,humanoid-run,185.7,0.00
min,3,10.0,1,3,humanoid-run,190.1,0.00
mean,5,0.0,1,1,humanoid-run,182.9,0.00
mean,5,0.0,1,2,humanoid-run,186.7,0.00
mean,5,0.0,1,3,humanoid-run,188.4,0.00
mean,5,0.001,1,1,humanoid-run,182.9,0.00
mean,5,0.001,1,2,humanoid-run,186.7,0.00
mean,5,0.001,1,3,humanoid-run,188.4,0.00
mean,5,0.01,1,1,humanoid-run,182.9,0.00
mean,5,0.01,1,2,humanoid-run,186.7,0.00
mean,5,0.01,1,3,humanoid-run,188.4,0.00
mean,5,1.0,1,1,humanoid-run,182.9,0.00
mean,5,1.0,1,2,humanoid-run,186.7,0.00
mean,5,1.0,1,3,humanoid-run,188.4,0.00
mean,5,10.0,1,1,humanoid-run,182.9,0.00
mean,5,10.0,1,2,humanoid-run,186.7,0.00
mean,5,10.0,1,3,humanoid-run,188.4,0.00
max,5,0.0,1,1,humanoid-run,182.9,0.00
max,5,0.0,1,2,humanoid-run,186.7,0.00
max,5,0.0,1,3,humanoid-run,188.4,0.00
max,5,0.001,1,1,humanoid-run,182.9,0.00
max,5,0.001,1,2,humanoid-run,186.7,0.00
max,5,0.001,1,3,humanoid-run,188.4,0.00
max,5,0.01,1,1,humanoid-run,182.9,0.00
max,5,0.01,1,2,humanoid-run,186.7,0.00
max,5,0.01,1,3,humanoid-run,188.4,0.00
max,5,1.0,1,1,humanoid-run,182.9,0.00
max,5,1.0,1,2,humanoid-run,186.7,0.00
max,5,1.0,1,3,humanoid-run,188.4,0.00
max,5,10.0,1,1,humanoid-run,182.9,0.00
max,5,10.0,1,2,humanoid-run,186.7,0.00
max,5,10.0,1,3,humanoid-run,188.4,0.00
min,5,0.0,1,1,humanoid-run,182.9,0.00
min,5,0.0,1,2,humanoid-run,186.7,0.00
min,5,0.0,1,3,humanoid-run,188.4,0.00
min,5,0.001,1,1,humanoid-run,182.9,0.00
min,5,0.001,1,2,humanoid-run,186.7,0.00
min,5,0.001,1,3,humanoid-run,188.4,0.00
min,5,0.01,1,1,humanoid-run,182.9,0.00
min,5,0.01,1,2,humanoid-run,186.7,0.00
min,5,0.01,1,3,humanoid-run,188.4,0.00
min,5,1.0,1,1,humanoid-run,182.9,0.00
min,5,1.0,1,2,humanoid-run,186.7,0.00
min,5,1.0,1,3,humanoid-run,188.4,0.00
min,5,10.0,1,1,humanoid-run,182.9,0.00
min,5,10.0,1,2,humanoid-run,186.7,0.00
min,5,10.0,1,3,humanoid-run,188.4,0.00
mean,7,0.0,1,1,humanoid-run,185.9,0.00
mean,7,0.0,1,2,humanoid-run,183.8,0.00
mean,7,0.0,1,3,humanoid-run,188.5,0.00
mean,7,0.001,1,1,humanoid-run,185.9,0.00
mean,7,0.001,1,2,humanoid-run,183.8,0.00
mean,7,0.001,1,3,humanoid-run,188.5,0.00
mean,7,0.01,1,1,humanoid-run,185.9,0.00
mean,7,0.01,1,2,humanoid-run,183.8,0.00
mean,7,0.01,1,3,humanoid-run,188.5,0.00
mean,7,1.0,1,1,humanoid-run,185.9,0.00
mean,7,1.0,1,2,humanoid-run,183.8,0.00
mean,7,1.0,1,3,humanoid-run,188.5,0.00
mean,7,10.0,1,1,humanoid-run,185.9,0.00
mean,7,10.0,1,2,humanoid-run,183.8,0.00
mean,7,10.0,1,3,humanoid-run,188.5,0.00
max,7,0.0,1,1,humanoid-run,185.9,0.00
max,7,0.0,1,2,humanoid-run,183.8,0.00
max,7,0.0,1,3,humanoid-run,188.5,0.00
max,7,0.001,1,1,humanoid-run,185.9,0.00
max,7,0.001,1,2,humanoid-run,183.8,0.00
mean,3,0.0,2,1,humanoid-run,503.3,0.00
mean,3,0.0,3,1,humanoid-run,618.1,0.00
mean,3,0.0,2,2,humanoid-run,541.4,0.00
mean,3,0.0,3,2,humanoid-run,602.3,0.00
mean,3,0.0,2,3,humanoid-run,611.7,0.00
mean,3,0.0,3,3,humanoid-run,621.5,0.00
mean,3,0.001,3,1,humanoid-run,620.3,0.00
mean,3,0.001,2,1,humanoid-run,622.6,0.00
mean,3,0.001,3,2,humanoid-run,617.3,0.00
mean,3,0.001,2,2,humanoid-run,450.8,0.00
mean,3,0.001,3,3,humanoid-run,619.2,0.00
mean,3,0.001,2,3,humanoid-run,628.1,0.00
mean,3,0.01,3,1,humanoid-run,586.8,0.00
mean,3,0.01,2,1,humanoid-run,591.3,0.00
mean,3,0.01,3,2,humanoid-run,598.9,0.00
mean,3,0.01,2,2,humanoid-run,565.5,0.00
mean,3,0.01,3,3,humanoid-run,609.4,0.00
mean,3,0.01,2,3,humanoid-run,508.6,0.00
mean,3,1.0,3,1,humanoid-run,607.1,0.00
mean,3,1.0,2,1,humanoid-run,519.9,0.00
mean,3,1.0,3,2,humanoid-run,576.7,0.00
mean,3,1.0,2,2,humanoid-run,509.6,0.00
mean,3,1.0,3,3,humanoid-run,565.2,0.00
mean,3,1.0,2,3,humanoid-run,496.5,0.00
mean,3,10.0,3,1,humanoid-run,463.1,0.00
mean,3,10.0,2,1,humanoid-run,357.5,0.00
mean,3,10.0,3,2,humanoid-run,416.8,0.00
mean,3,10.0,2,2,humanoid-run,446.4,0.00
mean,3,10.0,3,3,humanoid-run,428.7,0.00
mean,3,10.0,2,3,humanoid-run,400.7,0.00
mean,5,0.0,3,1,humanoid-run,626.4,0.00
mean,5,0.0,2,1,humanoid-run,551.9,0.00
mean,5,0.0,3,2,humanoid-run,612.1,0.00
mean,5,0.0,2,2,humanoid-run,522.9,0.00
mean,5,0.0,3,3,humanoid-run,629.8,0.00
mean,5,0.0,2,3,humanoid-run,513.8,0.00
mean,5,0.001,3,1,humanoid-run,606.5,0.00
mean,5,0.001,2,1,humanoid-run,498.5,0.00
mean,5,0.001,3,2,humanoid-run,638.8,0.00
mean,5,0.001,2,2,humanoid-run,573.8,0.00
mean,5,0.001,3,3,humanoid-run,625.0,0.00
mean,5,0.001,2,3,humanoid-run,640.9,0.00
mean,5,0.01,3,1,humanoid-run,608.5,0.00
mean,5,0.01,2,1,humanoid-run,523.3,0.00
mean,5,0.01,3,2,humanoid-run,605.9,0.00
mean,5,0.01,2,2,humanoid-run,494.2,0.00
mean,5,0.01,3,3,humanoid-run,628.0,0.00
mean,5,0.01,2,3,humanoid-run,601.0,0.00
mean,5,1.0,3,1,humanoid-run,582.9,0.00
mean,5,1.0,3,2,humanoid-run,573.4,0.00
mean,5,1.0,2,1,humanoid-run,496.2,0.00
mean,5,1.0,3,3,humanoid-run,602.0,0.00
mean,5,1.0,2,2,humanoid-run,481.8,0.00
mean,5,10.0,3,1,humanoid-run,430.5,0.00
mean,5,1.0,2,3,humanoid-run,529.1,0.00
mean,5,10.0,3,2,humanoid-run,449.4,0.00
mean,5,10.0,2,1,humanoid-run,493.2,0.00
mean,5,10.0,3,3,humanoid-run,521.2,0.00
mean,5,10.0,2,2,humanoid-run,439.2,0.00
mean,7,0.0,3,1,humanoid-run,626.2,0.00
mean,5,10.0,2,3,humanoid-run,478.8,0.00
mean,7,0.0,3,2,humanoid-run,627.0,0.00
mean,7,0.0,2,1,humanoid-run,632.0,0.00
mean,7,0.0,3,3,humanoid-run,620.9,0.00
mean,7,0.0,2,2,humanoid-run,496.7,0.00
mean,7,0.001,3,1,humanoid-run,621.8,0.00
mean,7,0.0,2,3,humanoid-run,604.3,0.00
mean,7,0.001,3,2,humanoid-run,618.1,0.00
mean,7,0.001,2,1,humanoid-run,509.5,0.00
mean,7,0.001,3,3,humanoid-run,623.3,0.00
mean,7,0.001,2,2,humanoid-run,484.4,0.00
mean,7,0.01,3,1,humanoid-run,599.8,0.00
mean,7,0.001,2,3,humanoid-run,640.3,0.00
mean,7,0.01,3,2,humanoid-run,632.4,0.00
mean,7,0.01,2,1,humanoid-run,570.1,0.00
mean,7,0.01,3,3,humanoid-run,635.7,0.00
mean,7,0.01,2,2,humanoid-run,562.7,0.00
mean,7,1.0,3,1,humanoid-run,607.4,0.00
mean,7,0.01,2,3,humanoid-run,633.5,0.00
mean,7,1.0,3,2,humanoid-run,615.8,0.00
mean,7,1.0,2,1,humanoid-run,505.2,0.00
mean,7,1.0,3,3,humanoid-run,604.9,0.00
mean,7,1.0,2,2,humanoid-run,486.9,0.00
mean,7,10.0,3,1,humanoid-run,399.5,0.00
mean,7,1.0,2,3,humanoid-run,605.0,0.00
mean,7,10.0,3,2,humanoid-run,454.9,0.00
mean,7,10.0,2,1,humanoid-run,426.2,0.00
mean,7,10.0,3,3,humanoid-run,490.7,0.00
mean,7,10.0,2,2,humanoid-run,472.6,0.00
mean,10,0.0,3,1,humanoid-run,613.0,0.00
mean,7,10.0,2,3,humanoid-run,379.5,0.00
mean,10,0.0,3,2,humanoid-run,610.0,0.00
mean,10,0.0,2,1,humanoid-run,528.0,0.00
mean,10,0.0,3,3,humanoid-run,635.5,0.00
mean,10,0.0,2,2,humanoid-run,448.5,0.00
mean,10,0.001,3,1,humanoid-run,603.2,0.00
mean,10,0.0,2,3,humanoid-run,509.1,0.00
mean,10,0.001,3,2,humanoid-run,624.1,0.00
mean,10,0.001,2,1,humanoid-run,561.9,0.00
mean,10,0.001,3,3,humanoid-run,618.3,0.00
mean,10,0.001,2,2,humanoid-run,514.6,0.00
mean,10,0.01,3,1,humanoid-run,609.6,0.00
mean,10,0.001,2,3,humanoid-run,642.8,0.00
mean,10,0.01,3,2,humanoid-run,609.1,0.00
mean,10,0.01,2,1,humanoid-run,508.1,0.00
mean,10,0.01,3,3,humanoid-run,633.7,0.00
mean,10,0.01,2,2,humanoid-run,438.2,0.00
mean,10,1.0,3,1,humanoid-run,603.3,0.00
mean,10,0.01,2,3,humanoid-run,568.6,0.00
mean,10,1.0,3,2,humanoid-run,618.4,0.00
mean,10,1.0,2,1,humanoid-run,510.4,0.00
mean,10,1.0,3,3,humanoid-run,607.6,0.00
mean,10,1.0,2,2,humanoid-run,442.0,0.00
mean,10,10.0,3,1,humanoid-run,415.0,0.00
mean,10,1.0,2,3,humanoid-run,586.3,0.00
mean,10,10.0,3,2,humanoid-run,429.3,0.00
mean,10,10.0,2,1,humanoid-run,412.5,0.00
mean,10,10.0,3,3,humanoid-run,516.8,0.00
mean,10,10.0,2,2,humanoid-run,440.3,0.00
mean,15,0.0,3,1,humanoid-run,628.5,0.00
mean,10,10.0,2,3,humanoid-run,511.1,0.00
mean,15,0.0,3,2,humanoid-run,633.2,0.00
mean,15,0.0,2,1,humanoid-run,636.5,0.00
mean,15,0.0,3,3,humanoid-run,627.6,0.00
mean,15,0.0,2,2,humanoid-run,568.8,0.00
mean,15,0.001,3,1,humanoid-run,601.2,0.00
mean,15,0.0,2,3,humanoid-run,646.6,0.00
mean,15,0.001,3,2,humanoid-run,624.7,0.00
mean,15,0.001,2,1,humanoid-run,538.7,0.00
mean,15,0.001,3,3,humanoid-run,623.0,0.00
mean,15,0.001,2,2,humanoid-run,438.7,0.00
mean,15,0.01,3,1,humanoid-run,593.8,0.00
mean,15,0.001,2,3,humanoid-run,538.9,0.00
mean,15,0.01,3,2,humanoid-run,597.6,0.00
mean,15,0.01,2,1,humanoid-run,559.3,0.00
mean,15,0.01,3,3,humanoid-run,608.3,0.00
mean,15,0.01,2,2,humanoid-run,538.7,0.00
mean,15,1.0,3,1,humanoid-run,612.2,0.00
mean,15,0.01,2,3,humanoid-run,638.0,0.00
mean,15,1.0,3,2,humanoid-run,603.1,0.00
mean,15,1.0,2,1,humanoid-run,540.9,0.00
mean,15,1.0,3,3,humanoid-run,614.4,0.00
mean,15,1.0,2,2,humanoid-run,578.3,0.00
mean,15,10.0,3,1,humanoid-run,375.6,0.00
mean,15,10.0,3,2,humanoid-run,383.6,0.00
mean,15,1.0,2,3,humanoid-run,636.0,0.00
mean,15,10.0,3,3,humanoid-run,415.2,0.00
mean,15,10.0,2,1,humanoid-run,442.9,0.00
mean,3,0.0,3,1,humanoid-run,584.9,0.00
mean,15,10.0,2,2,humanoid-run,443.6,0.00
mean,3,0.0,3,2,humanoid-run,581.8,0.00
mean,15,10.0,2,3,humanoid-run,429.0,0.00
mean,3,0.0,3,3,humanoid-run,595.2,0.00
mean,3,0.0,2,1,humanoid-run,567.1,0.00
mean,3,0.001,3,1,humanoid-run,583.4,0.00
mean,3,0.0,2,2,humanoid-run,588.3,0.00
mean,3,0.001,3,2,humanoid-run,574.3,0.00
mean,3,0.0,2,3,humanoid-run,581.9,0.00
mean,3,0.001,3,3,humanoid-run,594.8,0.00
mean,3,0.001,2,1,humanoid-run,539.8,0.00
mean,3,0.01,3,1,humanoid-run,578.5,0.00
mean,3,0.001,2,2,humanoid-run,579.7,0.00
mean,3,0.01,3,2,humanoid-run,575.5,0.00
mean,3,0.001,2,3,humanoid-run,572.3,0.00
mean,3,0.01,3,3,humanoid-run,560.8,0.00
mean,3,0.01,2,1,humanoid-run,570.5,0.00
mean,3,1.0,3,1,humanoid-run,588.3,0.00
mean,3,0.01,2,2,humanoid-run,555.5,0.00
mean,3,1.0,3,2,humanoid-run,555.5,0.00
mean,3,0.01,2,3,humanoid-run,573.0,0.00
mean,3,1.0,3,3,humanoid-run,611.7,0.00
mean,3,1.0,2,1,humanoid-run,535.7,0.00
mean,3,10.0,3,1,humanoid-run,343.5,0.00
mean,3,1.0,2,2,humanoid-run,549.0,0.00
mean,3,10.0,3,2,humanoid-run,356.2,0.00
mean,3,1.0,2,3,humanoid-run,571.8,0.00
mean,3,10.0,3,3,humanoid-run,382.5,0.00
mean,3,10.0,2,1,humanoid-run,444.6,0.00
mean,5,0.0,3,1,humanoid-run,602.0,0.00
mean,3,10.0,2,2,humanoid-run,449.3,0.00
mean,5,0.0,3,2,humanoid-run,590.2,0.00
mean,3,10.0,2,3,humanoid-run,445.7,0.00
mean,5,0.0,3,3,humanoid-run,611.9,0.00
mean,5,0.001,3,1,humanoid-run,609.4,0.00
mean,5,0.0,2,1,humanoid-run,574.4,0.00
mean,5,0.001,3,2,humanoid-run,619.2,0.00
mean,5,0.0,2,2,humanoid-run,576.9,0.00
mean,5,0.001,3,3,humanoid-run,588.7,0.00
mean,5,0.0,2,3,humanoid-run,582.0,0.00
mean,5,0.01,3,1,humanoid-run,601.0,0.00
mean,5,0.001,2,1,humanoid-run,586.1,0.00
mean,5,0.01,3,2,humanoid-run,618.1,0.00
mean,5,0.001,2,2,humanoid-run,585.7,0.00
mean,5,0.01,3,3,humanoid-run,613.6,0.00
mean,5,0.001,2,3,humanoid-run,593.9,0.00
mean,5,1.0,3,1,humanoid-run,570.7,0.00
mean,5,0.01,2,1,humanoid-run,591.8,0.00
mean,5,1.0,3,2,humanoid-run,587.0,0.00
mean,5,0.01,2,2,humanoid-run,570.6,0.00
mean,5,1.0,3,3,humanoid-run,593.7,0.00
mean,5,0.01,2,3,humanoid-run,591.5,0.00
mean,5,10.0,3,1,humanoid-run,449.2,0.00
mean,5,1.0,2,1,humanoid-run,577.3,0.00
mean,5,10.0,3,2,humanoid-run,401.6,0.00
mean,5,1.0,2,2,humanoid-run,549.4,0.00
mean,5,10.0,3,3,humanoid-run,438.2,0.00
mean,5,1.0,2,3,humanoid-run,568.7,0.00
mean,7,0.0,3,1,humanoid-run,598.3,0.00
mean,5,10.0,2,1,humanoid-run,497.9,0.00
mean,7,0.0,3,2,humanoid-run,609.2,0.00
mean,5,10.0,2,2,humanoid-run,516.0,0.00
mean,7,0.0,3,3,humanoid-run,604.3,0.00
mean,5,10.0,2,3,humanoid-run,526.3,0.00
mean,7,0.001,3,1,humanoid-run,611.0,0.00
mean,7,0.0,2,1,humanoid-run,583.0,0.00
mean,7,0.001,3,2,humanoid-run,582.9,0.00
mean,7,0.0,2,2,humanoid-run,552.3,0.00
mean,7,0.001,3,3,humanoid-run,596.9,0.00
mean,7,0.0,2,3,humanoid-run,583.3,0.00
mean,7,0.01,3,1,humanoid-run,579.6,0.00
mean,7,0.001,2,1,humanoid-run,588.4,0.00
mean,7,0.01,3,2,humanoid-run,597.6,0.00
mean,7,0.001,2,2,humanoid-run,586.6,0.00
mean,7,0.01,3,3,humanoid-run,602.2,0.00
mean,7,0.001,2,3,humanoid-run,589.0,0.00
mean,7,1.0,3,1,humanoid-run,590.3,0.00
mean,7,0.01,2,1,humanoid-run,578.4,0.00
mean,7,1.0,3,2,humanoid-run,599.0,0.00
mean,7,0.01,2,2,humanoid-run,586.5,0.00
mean,7,1.0,3,3,humanoid-run,589.1,0.00
mean,7,0.01,2,3,humanoid-run,577.0,0.00
mean,7,10.0,3,1,humanoid-run,435.6,0.00
mean,7,1.0,2,1,humanoid-run,566.7,0.00
mean,7,10.0,3,2,humanoid-run,356.9,0.00
mean,7,1.0,2,2,humanoid-run,573.6,0.00
mean,7,10.0,3,3,humanoid-run,408.8,0.00
mean,7,1.0,2,3,humanoid-run,580.8,0.00
mean,10,0.0,3,1,humanoid-run,571.1,0.00
mean,7,10.0,2,1,humanoid-run,505.7,0.00
mean,10,0.0,3,2,humanoid-run,541.6,0.00
mean,7,10.0,2,2,humanoid-run,510.9,0.00
mean,10,0.0,3,3,humanoid-run,597.3,0.00
mean,7,10.0,2,3,humanoid-run,523.3,0.00
mean,10,0.001,3,1,humanoid-run,615.6,0.00
mean,10,0.0,2,1,humanoid-run,580.4,0.00
mean,10,0.001,3,2,humanoid-run,603.0,0.00
mean,10,0.0,2,2,humanoid-run,573.5,0.00
mean,10,0.001,3,3,humanoid-run,609.2,0.00
mean,10,0.0,2,3,humanoid-run,588.2,0.00
mean,10,0.01,3,1,humanoid-run,583.9,0.00
mean,10,0.001,2,1,humanoid-run,584.3,0.00
mean,10,0.01,3,2,humanoid-run,599.7,0.00
mean,10,0.001,2,2,humanoid-run,581.1,0.00
mean,10,0.01,3,3,humanoid-run,606.7,0.00
mean,10,0.001,2,3,humanoid-run,570.4,0.00
mean,10,1.0,3,1,humanoid-run,589.5,0.00
mean,10,0.01,2,1,humanoid-run,574.1,0.00
mean,10,1.0,3,2,humanoid-run,579.1,0.00
mean,10,0.01,2,2,humanoid-run,595.0,0.00
mean,10,1.0,3,3,humanoid-run,601.2,0.00
mean,10,0.01,2,3,humanoid-run,577.7,0.00
mean,10,10.0,3,1,humanoid-run,419.0,0.00
mean,10,1.0,2,1,humanoid-run,523.1,0.00
mean,10,10.0,3,2,humanoid-run,462.3,0.00
mean,10,1.0,2,2,humanoid-run,561.6,0.00
mean,10,10.0,3,3,humanoid-run,404.1,0.00
mean,10,1.0,2,3,humanoid-run,586.8,0.00
mean,15,0.0,3,1,humanoid-run,604.1,0.00
mean,10,10.0,2,1,humanoid-run,483.0,0.00
mean,15,0.0,3,2,humanoid-run,584.9,0.00
mean,10,10.0,2,2,humanoid-run,499.1,0.00
mean,15,0.0,3,3,humanoid-run,606.7,0.00
mean,10,10.0,2,3,humanoid-run,474.0,0.00
mean,15,0.001,3,1,humanoid-run,583.0,0.00
mean,15,0.0,2,1,humanoid-run,581.3,0.00
mean,15,0.001,3,2,humanoid-run,593.9,0.00
mean,15,0.0,2,2,humanoid-run,586.2,0.00
mean,15,0.001,3,3,humanoid-run,599.9,0.00
mean,15,0.0,2,3,humanoid-run,542.4,0.00
mean,15,0.01,3,1,humanoid-run,605.5,0.00
mean,15,0.001,2,1,humanoid-run,571.8,0.00
mean,15,0.01,3,2,humanoid-run,591.8,0.00
mean,15,0.001,2,2,humanoid-run,578.6,0.00
mean,15,0.01,3,3,humanoid-run,569.6,0.00
mean,15,0.001,2,3,humanoid-run,574.3,0.00
mean,15,1.0,3,1,humanoid-run,595.2,0.00
mean,15,0.01,2,1,humanoid-run,588.5,0.00
mean,15,1.0,3,2,humanoid-run,578.2,0.00
mean,15,0.01,2,2,humanoid-run,595.6,0.00
mean,15,1.0,3,3,humanoid-run,597.1,0.00
mean,15,0.01,2,3,humanoid-run,592.8,0.00
mean,15,10.0,3,1,humanoid-run,336.6,0.00
mean,15,1.0,2,1,humanoid-run,575.3,0.00
mean,15,10.0,3,2,humanoid-run,391.4,0.00
mean,15,1.0,2,2,humanoid-run,580.4,0.00
mean,15,10.0,3,3,humanoid-run,400.8,0.00
mean,3,0.0,3,1,humanoid-run,593.4,0.00
mean,15,1.0,2,3,humanoid-run,566.5,0.00
mean,3,0.0,3,2,humanoid-run,602.7,0.00
mean,15,10.0,2,1,humanoid-run,519.9,0.00
mean,3,0.0,3,3,humanoid-run,614.5,0.00
mean,15,10.0,2,2,humanoid-run,454.9,0.00
mean,3,0.001,3,1,humanoid-run,588.8,0.00
mean,3,0.001,3,2,humanoid-run,605.0,0.00
mean,15,10.0,2,3,humanoid-run,471.5,0.00
mean,3,0.001,3,3,humanoid-run,601.0,0.00
mean,3,0.0,2,1,humanoid-run,581.3,0.00
mean,3,0.01,3,1,humanoid-run,605.1,0.00
mean,3,0.0,2,2,humanoid-run,589.5,0.00
mean,3,0.01,3,2,humanoid-run,616.9,0.00
mean,3,0.0,2,3,humanoid-run,593.7,0.00
mean,3,0.01,3,3,humanoid-run,600.9,0.00
mean,3,0.0,6,1,humanoid-run,514.8,0.00
mean,3,0.0,6,1,humanoid-run,590.2,0.00
mean,3,0.0,6,2,humanoid-run,512.7,0.00
mean,3,0.0,6,2,humanoid-run,606.6,0.00
mean,3,0.0,6,3,humanoid-run,509.3,0.00
mean,3,0.0,6,3,humanoid-run,599.6,0.00
mean,3,0.001,6,1,humanoid-run,513.7,0.00
mean,3,0.001,6,1,humanoid-run,585.0,0.00
mean,3,0.001,6,2,humanoid-run,515.8,0.00
mean,3,0.001,6,2,humanoid-run,593.4,0.00
mean,3,0.001,6,3,humanoid-run,495.6,0.00
mean,3,0.001,6,3,humanoid-run,599.2,0.00
mean,3,0.01,6,1,humanoid-run,510.3,0.00
mean,3,0.01,6,1,humanoid-run,605.3,0.00
mean,3,0.01,6,2,humanoid-run,518.8,0.00
mean,3,0.01,6,2,humanoid-run,597.3,0.00
mean,3,0.01,6,3,humanoid-run,525.1,0.00
mean,3,0.01,6,3,humanoid-run,605.8,0.00
mean,3,1.0,6,1,humanoid-run,508.9,0.00
mean,3,1.0,6,1,humanoid-run,578.4,0.00
mean,3,1.0,6,2,humanoid-run,512.5,0.00
mean,3,1.0,6,2,humanoid-run,593.8,0.00
mean,3,1.0,6,3,humanoid-run,521.8,0.00
mean,3,1.0,6,3,humanoid-run,580.3,0.00
mean,3,10.0,6,1,humanoid-run,144.4,0.00
mean,3,10.0,6,1,humanoid-run,373.6,0.00
mean,3,10.0,6,2,humanoid-run,216.4,0.00
mean,3,10.0,6,2,humanoid-run,248.8,0.00
mean,3,10.0,6,3,humanoid-run,187.2,0.00
mean,3,10.0,6,3,humanoid-run,254.8,0.00
mean,5,0.0,6,1,humanoid-run,520.3,0.00
mean,5,0.0,6,1,humanoid-run,600.4,0.00
mean,5,0.0,6,2,humanoid-run,526.6,0.00
mean,5,0.0,6,2,humanoid-run,603.8,0.00
mean,5,0.0,6,3,humanoid-run,521.3,0.00
mean,5,0.0,6,3,humanoid-run,613.5,0.00
mean,5,0.001,6,1,humanoid-run,523.9,0.00
mean,5,0.001,6,1,humanoid-run,606.8,0.00
mean,5,0.001,6,2,humanoid-run,527.0,0.00
mean,5,0.001,6,2,humanoid-run,602.4,0.00
mean,5,0.001,6,3,humanoid-run,527.7,0.00
mean,5,0.001,6,3,humanoid-run,612.0,0.00
mean,5,0.01,6,1,humanoid-run,525.6,0.00
mean,5,0.01,6,1,humanoid-run,592.6,0.00
mean,5,0.01,6,2,humanoid-run,525.5,0.00
mean,5,0.01,6,2,humanoid-run,609.9,0.00
mean,5,0.01,6,3,humanoid-run,529.6,0.00
mean,5,0.01,6,3,humanoid-run,611.8,0.00
mean,5,1.0,6,1,humanoid-run,522.7,0.00
mean,5,1.0,6,1,humanoid-run,598.6,0.00
mean,5,1.0,6,2,humanoid-run,522.5,0.00
mean,5,1.0,6,2,humanoid-run,600.8,0.00
mean,5,1.0,6,3,humanoid-run,520.3,0.00
mean,5,1.0,6,3,humanoid-run,602.1,0.00
mean,5,10.0,6,1,humanoid-run,246.2,0.00
mean,5,10.0,6,1,humanoid-run,316.2,0.00
mean,5,10.0,6,2,humanoid-run,120.3,0.00
mean,5,10.0,6,2,humanoid-run,366.9,0.00
mean,5,10.0,6,3,humanoid-run,291.2,0.00
mean,5,10.0,6,3,humanoid-run,355.4,0.00
mean,7,0.0,6,1,humanoid-run,522.4,0.00
mean,7,0.0,6,1,humanoid-run,606.1,0.00
mean,7,0.0,6,2,humanoid-run,526.6,0.00
mean,7,0.0,6,2,humanoid-run,617.6,0.00
mean,7,0.0,6,3,humanoid-run,533.0,0.00
mean,7,0.0,6,3,humanoid-run,614.5,0.00
mean,7,0.001,6,1,humanoid-run,523.6,0.00
mean,7,0.001,6,1,humanoid-run,549.2,0.00
mean,7,0.001,6,2,humanoid-run,525.1,0.00
mean,7,0.001,6,2,humanoid-run,613.7,0.00
mean,7,0.001,6,3,humanoid-run,524.6,0.00
mean,7,0.001,6,3,humanoid-run,549.9,0.00
mean,7,0.01,6,1,humanoid-run,514.1,0.00
mean,7,0.01,6,1,humanoid-run,616.3,0.00
mean,7,0.01,6,2,humanoid-run,526.2,0.00
mean,7,0.01,6,2,humanoid-run,605.4,0.00
mean,7,0.01,6,3,humanoid-run,528.4,0.00
mean,7,0.01,6,3,humanoid-run,615.6,0.00
mean,7,1.0,6,1,humanoid-run,514.3,0.00
mean,7,1.0,6,1,humanoid-run,602.6,0.00
mean,7,1.0,6,2,humanoid-run,510.7,0.00
mean,7,1.0,6,2,humanoid-run,603.6,0.00
mean,7,1.0,6,3,humanoid-run,521.5,0.00
mean,7,1.0,6,3,humanoid-run,598.6,0.00
mean,7,10.0,6,1,humanoid-run,242.9,0.00
mean,7,10.0,6,1,humanoid-run,348.5,0.00
mean,7,10.0,6,2,humanoid-run,239.3,0.00
mean,7,10.0,6,2,humanoid-run,358.1,0.00
mean,7,10.0,6,3,humanoid-run,259.3,0.00
mean,7,10.0,6,3,humanoid-run,492.3,0.00
mean,10,0.0,6,1,humanoid-run,526.9,0.00
mean,10,0.0,6,1,humanoid-run,608.3,0.00
mean,10,0.0,6,2,humanoid-run,523.8,0.00
mean,10,0.0,6,2,humanoid-run,602.7,0.00
mean,10,0.0,6,3,humanoid-run,525.8,0.00
mean,10,0.0,6,3,humanoid-run,614.4,0.00
mean,10,0.001,6,1,humanoid-run,520.6,0.00
mean,10,0.001,6,1,humanoid-run,604.0,0.00
mean,10,0.001,6,2,humanoid-run,527.1,0.00
mean,10,0.001,6,2,humanoid-run,614.3,0.00
mean,10,0.001,6,3,humanoid-run,528.8,0.00
mean,10,0.001,6,3,humanoid-run,615.8,0.00
mean,10,0.01,6,1,humanoid-run,521.6,0.00
mean,10,0.01,6,1,humanoid-run,610.0,0.00
mean,10,0.01,6,2,humanoid-run,524.8,0.00
mean,10,0.01,6,2,humanoid-run,619.7,0.00
mean,10,0.01,6,3,humanoid-run,523.7,0.00
mean,10,0.01,6,3,humanoid-run,609.9,0.00
mean,10,1.0,6,1,humanoid-run,516.8,0.00
mean,10,1.0,6,1,humanoid-run,602.1,0.00
mean,10,1.0,6,2,humanoid-run,511.3,0.00
mean,10,1.0,6,2,humanoid-run,609.5,0.00
mean,10,1.0,6,3,humanoid-run,524.6,0.00
mean,10,1.0,6,3,humanoid-run,606.5,0.00
mean,10,10.0,6,1,humanoid-run,200.1,0.00
mean,10,10.0,6,1,humanoid-run,337.8,0.00
mean,10,10.0,6,2,humanoid-run,171.2,0.00
mean,10,10.0,6,2,humanoid-run,297.9,0.00
mean,10,10.0,6,3,humanoid-run,228.4,0.00
mean,10,10.0,6,3,humanoid-run,323.8,0.00
mean,15,0.0,6,1,humanoid-run,519.0,0.00
mean,15,0.0,6,1,humanoid-run,592.3,0.00
mean,15,0.0,6,2,humanoid-run,520.9,0.00
mean,15,0.0,6,2,humanoid-run,611.5,0.00
mean,15,0.0,6,3,humanoid-run,528.4,0.00
mean,15,0.0,6,3,humanoid-run,614.8,0.00
mean,15,0.001,6,1,humanoid-run,521.7,0.00
mean,15,0.001,6,1,humanoid-run,612.7,0.00
mean,15,0.001,6,2,humanoid-run,529.6,0.00
mean,15,0.001,6,2,humanoid-run,615.4,0.00
mean,15,0.001,6,3,humanoid-run,528.0,0.00
mean,15,0.001,6,3,humanoid-run,603.2,0.00
mean,15,0.01,6,1,humanoid-run,518.9,0.00
mean,15,0.01,6,1,humanoid-run,608.4,0.00
mean,15,0.01,6,2,humanoid-run,605.0,0.00
mean,15,0.01,6,2,humanoid-run,528.2,0.00
mean,15,0.01,6,3,humanoid-run,614.2,0.00
mean,15,0.01,6,3,humanoid-run,528.3,0.00
mean,15,1.0,6,1,humanoid-run,594.4,0.00
mean,15,1.0,6,1,humanoid-run,509.8,0.00
mean,15,1.0,6,2,humanoid-run,608.6,0.00
mean,15,1.0,6,2,humanoid-run,513.2,0.00
mean,15,1.0,6,3,humanoid-run,599.1,0.00
mean,15,1.0,6,3,humanoid-run,521.4,0.00
mean,15,10.0,6,1,humanoid-run,339.6,0.00
mean,15,10.0,6,1,humanoid-run,106.9,0.00
mean,15,10.0,6,2,humanoid-run,263.8,0.00
mean,15,10.0,6,2,humanoid-run,183.5,0.00
mean,15,10.0,6,3,humanoid-run,375.7,0.00
mean,15,10.0,6,3,humanoid-run,141.9,0.00
